<?xml version="1.0" encoding="UTF-8"?>
<jcr:root xmlns:sling="http://sling.apache.org/jcr/sling/1.0" xmlns:cq="http://www.day.com/jcr/cq/1.0" xmlns:jcr="http://www.jcp.org/jcr/1.0" xmlns:nt="http://www.jcp.org/jcr/nt/1.0"
    jcr:primaryType="nt:unstructured"
    jcr:title="car Properties"
    sling:resourceType="cq/gui/components/authoring/dialog">
    <content
        jcr:primaryType="nt:unstructured"
        sling:resourceType="granite/ui/components/coral/foundation/fixedcolumns">
        <items jcr:primaryType="nt:unstructured">
            <column
                jcr:primaryType="nt:unstructured"
                sling:resourceType="granite/ui/components/coral/foundation/container">
                <items jcr:primaryType="nt:unstructured">
                    <title
                        jcr:primaryType="nt:unstructured"
                        sling:resourceType="granite/ui/components/coral/foundation/form/textfield"
                        fieldLabel="Title (in 40 word)"
                        name="./title"/>
                    <bgimg
                        jcr:primaryType="nt:unstructured"
                        sling:resourceType="granite/ui/components/foundation/form/fileupload"
                        allowUpload="{Boolean}false"
                        autoStart="{Boolean}false"
                        class="cq-droptarget"
                        fieldDescription="Select an image as background for the panel. Image height: 240px (min), 240px (max)."
                        fieldLabel="Background Image"
                        fileNameParameter="./hbgfileName"
                        fileReferenceParameter="./hbgfileReference"
                        mimeTypes="[image]"
                        multiple="{Boolean}false"
                        name="./background"
                        required="{Boolean}true"
                        title="Upload Image Asset"
                        uploadUrl="${suffix.path}"
                        useHTML5="{Boolean}true"/>
                    <description
                        jcr:primaryType="nt:unstructured"
                        sling:resourceType="cq/gui/components/authoring/dialog/richtext"
                        name="./description"
                        useFixedInlineToolbar="{Boolean}true">
                        <rtePlugins jcr:primaryType="nt:unstructured">
                            <format
                                jcr:primaryType="nt:unstructured"
                                features="bold,italic"/>
                        </rtePlugins>
                        <uiSettings jcr:primaryType="nt:unstructured">
                            <cui jcr:primaryType="nt:unstructured">
                                <inline
                                    jcr:primaryType="nt:unstructured"
                                    toolbar="[format#bold,format#italic,format#underline,links#modifylink,links#unlink]"/>
                                <icons jcr:primaryType="nt:unstructured">
                                    <bold
                                        jcr:primaryType="nt:unstructured"
                                        command="format#bold"
                                        icon="textItalic"/>
                                </icons>
                            </cui>
                        </uiSettings>
                    </description>
                    <link
                        jcr:primaryType="nt:unstructured"
                        sling:resourceType="granite/ui/components/coral/foundation/form/pathfield"
                        fieldLabel="Target Link"
                        name="./link"
                        rootPath="/content/wknd"/>
                    <color
                        jcr:primaryType="nt:unstructured"
                        sling:resourceType="granite/ui/components/coral/foundation/form/textfield"
                        fieldLabel="Background Color (Hex code only)"
                        name="./color"/>
                    <position
                        jcr:primaryType="nt:unstructured"
                        sling:resourceType="granite/ui/components/coral/foundation/form/checkbox"
                        checked="{Boolean}false"
                        fieldDescription="When checked, This author is also professor."
                        name="./position"
                        text="Change Position (Default is Left)"
                        uncheckedValue="{Boolean}false"
                        value="{Boolean}true"/>
                </items>
            </column>
        </items>
    </content>
</jcr:root>
