<?xml version="1.0" encoding="UTF-8"?>
<jcr:root xmlns:sling="http://sling.apache.org/jcr/sling/1.0" xmlns:cq="http://www.day.com/jcr/cq/1.0" xmlns:jcr="http://www.jcp.org/jcr/1.0" xmlns:nt="http://www.jcp.org/jcr/nt/1.0"
    jcr:primaryType="nt:unstructured"
    jcr:title="Digital Product"
    sling:resourceType="cq/gui/components/authoring/dialog"
    helpPath="https://www.adobe.com/go/aem6_5_docs_component_en#Title - HTL">
    <content
        jcr:primaryType="nt:unstructured"
        sling:resourceType="granite/ui/components/foundation/container">
        <layout
            jcr:primaryType="nt:unstructured"
            sling:resourceType="granite/ui/components/foundation/layouts/fixedcolumns"
            margin="{Boolean}false"/>
        <items jcr:primaryType="nt:unstructured">
            <tabs
                jcr:primaryType="nt:unstructured"
                sling:resourceType="granite/ui/components/coral/foundation/tabs"
                maximized="{Boolean}true">
                <items jcr:primaryType="nt:unstructured">
                    <card1
                        jcr:primaryType="nt:unstructured"
                        jcr:title="Card1"
                        sling:resourceType="granite/ui/components/foundation/container">
                        <items jcr:primaryType="nt:unstructured">
                            <background
                                jcr:primaryType="nt:unstructured"
                                sling:resourceType="granite/ui/components/foundation/form/fileupload"
                                allowUpload="{Boolean}false"
                                autoStart="{Boolean}false"
                                class="cq-droptarget"
                                fieldDescription="Select an image as background for the panel. Image height: 240px (min), 240px (max)."
                                fieldLabel="Background Image"
                                fileNameParameter="./hbgfileName"
                                fileReferenceParameter="./hbgfileReference"
                                mimeTypes="[image]"
                                multiple="{Boolean}false"
                                name="./background"
                                required="{Boolean}true"
                                title="Upload Image Asset"
                                uploadUrl="${suffix.path}"
                                useHTML5="{Boolean}true"/>
                            <title
                                jcr:primaryType="nt:unstructured"
                                sling:resourceType="granite/ui/components/coral/foundation/form/textfield"
                                emptyText="Enter the Title."
                                fieldDescription="Title to display."
                                fieldLabel="Title"
                                name="./title"
                                required="{Boolean}true"/>
                            <text
                                jcr:primaryType="nt:unstructured"
                                sling:resourceType="granite/ui/components/coral/foundation/form/textarea"
                                emptyText="Enter the Text."
                                fieldDescription="Title to display."
                                fieldLabel="Text"
                                name="./text"
                                required="{Boolean}true"/>
                        </items>
                    </card1>
                </items>
            </tabs>
        </items>
    </content>
</jcr:root>
