<?xml version="1.0" encoding="UTF-8"?>
<jcr:root xmlns:sling="http://sling.apache.org/jcr/sling/1.0" xmlns:cq="http://www.day.com/jcr/cq/1.0" xmlns:jcr="http://www.jcp.org/jcr/1.0" xmlns:nt="http://www.jcp.org/jcr/nt/1.0"
    jcr:primaryType="cq:Page">
    <jcr:content
        cq:lastModified="{Date}2022-05-19T18:57:32.823+05:30"
        cq:lastModifiedBy="admin"
        cq:template="/conf/wknd/settings/wcm/templates/page-content"
        jcr:primaryType="cq:PageContent"
        jcr:title="public"
        sling:resourceType="wknd/components/page">
        <root
            jcr:primaryType="nt:unstructured"
            sling:resourceType="wknd/components/container"
            layout="responsiveGrid">
            <container
                jcr:primaryType="nt:unstructured"
                sling:resourceType="wknd/components/container"
                layout="responsiveGrid">
                <title
                    jcr:lastModified="{Date}2022-03-30T11:17:25.279+05:30"
                    jcr:lastModifiedBy="admin"
                    jcr:primaryType="nt:unstructured"
                    jcr:title="Welcome To Rajasthan Tourism"
                    sling:resourceType="wknd/components/title"/>
                <container
                    jcr:primaryType="nt:unstructured"
                    sling:resourceType="wknd/components/container"
                    layout="responsiveGrid">
                    <multitab
                        jcr:created="{Date}2022-05-18T16:58:39.750+05:30"
                        jcr:createdBy="admin"
                        jcr:lastModified="{Date}2022-05-19T18:43:36.154+05:30"
                        jcr:lastModifiedBy="admin"
                        jcr:primaryType="nt:unstructured"
                        sling:resourceType="wknd/components/multitab"
                        data="this is title"
                        image="/content/dam/air.jpg"
                        title1="Publication">
                        <books jcr:primaryType="nt:unstructured">
                            <item0
                                jcr:primaryType="nt:unstructured"
                                copies="100"
                                date="{Date}2022-05-30T00:00:00.000+05:30"
                                description="This is Java Book"
                                title2="Java Book"/>
                        </books>
                    </multitab>
                    <publication2
                        jcr:created="{Date}2022-05-19T18:57:04.842+05:30"
                        jcr:createdBy="admin"
                        jcr:lastModified="{Date}2022-05-19T18:57:32.819+05:30"
                        jcr:lastModifiedBy="admin"
                        jcr:primaryType="nt:unstructured"
                        sling:resourceType="wknd/components/publication2"
                        title1="Publication">
                        <books jcr:primaryType="nt:unstructured">
                            <item0
                                jcr:primaryType="nt:unstructured"
                                copies="100"
                                date="{Date}2022-05-30T00:00:00.000+05:30"
                                description="This is Java Book"
                                title2="Java Book"/>
                        </books>
                    </publication2>
                </container>
            </container>
        </root>
    </jcr:content>
</jcr:root>
