<?xml version="1.0" encoding="UTF-8"?>
<jcr:root xmlns:sling="http://sling.apache.org/jcr/sling/1.0" xmlns:granite="http://www.adobe.com/jcr/granite/1.0" xmlns:cq="http://www.day.com/jcr/cq/1.0" xmlns:jcr="http://www.jcp.org/jcr/1.0" xmlns:nt="http://www.jcp.org/jcr/nt/1.0"
    jcr:primaryType="nt:unstructured"
    jcr:title="Author`s Books"
    sling:resourceType="cq/gui/components/authoring/dialog">
    <content
        granite:class="cmp-author_editor"
        jcr:primaryType="nt:unstructured"
        sling:resourceType="granite/ui/components/coral/foundation/fixedcolumns">
        <items jcr:primaryType="nt:unstructured">
            <multifieldwithmap
                jcr:primaryType="nt:unstructured"
                jcr:title="Multifield With Map"
                sling:resourceType="granite/ui/components/coral/foundation/container">
                <items jcr:primaryType="nt:unstructured">
                    <authorname
                        jcr:primaryType="nt:unstructured"
                        sling:resourceType="granite/ui/components/coral/foundation/form/textfield"
                        fieldLabel="Author Name"
                        name="./authorname"/>
                    <well
                        jcr:primaryType="nt:unstructured"
                        sling:resourceType="granite/ui/components/coral/foundation/well"
                        fieldLabel="Book Details">
                        <items jcr:primaryType="nt:unstructured">
                            <books
                                jcr:primaryType="nt:unstructured"
                                sling:resourceType="granite/ui/components/coral/foundation/form/multifield"
                                composite="false"
                                fieldLabel="Author`s Books">
                                <field
                                    jcr:primaryType="nt:unstructured"
                                    sling:resourceType="granite/ui/components/coral/foundation/form/textfield"
                                    name="./books"/>
                            </books>
                            <bookdetailswithmap
                                jcr:primaryType="nt:unstructured"
                                sling:resourceType="granite/ui/components/coral/foundation/form/multifield"
                                composite="{Boolean}true"
                                fieldDescription="Books Details"
                                fieldLabel="Book Details"
                                required="{Boolean}false">
                                <field
                                    jcr:primaryType="nt:unstructured"
                                    sling:resourceType="granite/ui/components/coral/foundation/form/container"
                                    emptyText="Books Details"
                                    name="./bookdetailswithmap">
                                    <items jcr:primaryType="nt:unstructured">
                                        <book
                                            jcr:primaryType="nt:unstructured"
                                            sling:resourceType="granite/ui/components/coral/foundation/form/textfield"
                                            emptyText="Book Name"
                                            fieldLabel="Book Name"
                                            name="./book"/>
                                        <subject
                                            jcr:primaryType="nt:unstructured"
                                            sling:resourceType="granite/ui/components/coral/foundation/form/textfield"
                                            emptyText="Book Subject"
                                            fieldLabel="Book Subject"
                                            name="./subject"/>
                                        <published
                                            jcr:primaryType="nt:unstructured"
                                            sling:resourceType="granite/ui/components/coral/foundation/form/textfield"
                                            emptyText="Publish Year"
                                            fieldLabel="Publish Year"
                                            name="./published"/>
                                    </items>
                                </field>
                            </bookdetailswithmap>
                        </items>
                    </well>
                </items>
            </multifieldwithmap>
        </items>
    </content>
</jcr:root>
