<?xml version="1.0" encoding="UTF-8"?>
<jcr:root xmlns:sling="http://sling.apache.org/jcr/sling/1.0" xmlns:cq="http://www.day.com/jcr/cq/1.0" xmlns:jcr="http://www.jcp.org/jcr/1.0" xmlns:nt="http://www.jcp.org/jcr/nt/1.0"
    jcr:primaryType="cq:Page">
    <jcr:content
        cq:lastModified="{Date}2020-07-09T08:41:24.746-07:00"
        cq:lastModifiedBy="admin"
        cq:tags="[]"
        cq:template="/conf/wknd/settings/wcm/templates/experience-fragment-web-variation-template"
        cq:xfVariantType="web"
        jcr:primaryType="cq:PageContent"
        jcr:title="Byline"
        sling:resourceType="wknd/components/xfpage">
        <root
            jcr:primaryType="nt:unstructured"
            sling:resourceType="wknd/components/container">
            <container
                jcr:created="{Date}2019-09-13T14:22:51.213-07:00"
                jcr:createdBy="admin"
                jcr:lastModified="{Date}2020-07-09T08:41:24.667-07:00"
                jcr:lastModifiedBy="admin"
                jcr:primaryType="nt:unstructured"
                sling:resourceType="wknd/components/container"
                layout="responsiveGrid">
                <separator_copy
                    jcr:created="{Date}2019-09-25T14:33:55.691-07:00"
                    jcr:createdBy="admin"
                    jcr:lastModified="{Date}2019-09-25T14:33:55.691-07:00"
                    jcr:lastModifiedBy="admin"
                    jcr:primaryType="nt:unstructured"
                    sling:resourceType="wknd/components/separator"/>
                <byline_copy
                    jcr:created="{Date}2019-09-25T14:32:57.008-07:00"
                    jcr:createdBy="admin"
                    jcr:lastModified="{Date}2019-10-18T13:14:47.445-07:00"
                    jcr:lastModifiedBy="admin"
                    jcr:primaryType="nt:unstructured"
                    sling:resourceType="wknd/components/byline"
                    fileReference="/content/dam/wknd/en/contributors/ian_provo.jpg"
                    name="Ian Provo"
                    occupations="Photographer">
                    <cq:responsive jcr:primaryType="nt:unstructured">
                        <default
                            jcr:primaryType="nt:unstructured"
                            offset="0"
                            width="9"/>
                        <phone
                            jcr:primaryType="nt:unstructured"
                            offset="0"
                            width="12"/>
                        <tablet
                            jcr:primaryType="nt:unstructured"
                            offset="0"
                            width="12"/>
                    </cq:responsive>
                </byline_copy>
                <button
                    cq:masterBuildingBlock="{Boolean}true"
                    cq:styleIds="[1571358661842]"
                    jcr:created="{Date}2019-10-18T13:03:32.646-07:00"
                    jcr:createdBy="admin"
                    jcr:lastModified="{Date}2019-10-18T13:05:03.407-07:00"
                    jcr:lastModifiedBy="admin"
                    jcr:primaryType="nt:unstructured"
                    jcr:title="Ian Provo Social Media Buttons"
                    sling:resourceType="cq/experience-fragments/editor/components/buildingblock">
                    <button50039900710652
                        cq:styleIds="[1570758781253,1568839776757]"
                        jcr:lastModified="{Date}2019-10-18T13:03:55.122-07:00"
                        jcr:lastModifiedBy="admin"
                        jcr:primaryType="nt:unstructured"
                        jcr:title="Facebook"
                        sling:resourceType="wknd/components/button"
                        accessibilityLabel="Facebook Ian provo"
                        icon="facebook"
                        link="#facebook-ianprovo"/>
                    <item50039901013124
                        cq:styleIds="[1570758781253,1568839776757]"
                        jcr:created="{Date}2019-10-18T13:03:32.646-07:00"
                        jcr:createdBy="admin"
                        jcr:lastModified="{Date}2019-10-18T13:04:25.377-07:00"
                        jcr:lastModifiedBy="admin"
                        jcr:primaryType="nt:unstructured"
                        jcr:title="Twitter"
                        sling:resourceType="wknd/components/button"
                        accessibilityLabel="Twitter Ian provo"
                        icon="twitter"
                        link="#twitter-ianprovo"/>
                    <item50039901693997
                        cq:styleIds="[1570758781253,1568839776757]"
                        jcr:created="{Date}2019-10-18T13:03:32.646-07:00"
                        jcr:createdBy="admin"
                        jcr:lastModified="{Date}2019-10-18T13:04:48.034-07:00"
                        jcr:lastModifiedBy="admin"
                        jcr:primaryType="nt:unstructured"
                        jcr:title="Instagram"
                        sling:resourceType="wknd/components/button"
                        accessibilityLabel="instagram Ian provo"
                        icon="instagram"
                        link="#instagram-ianprovo"/>
                    <cq:responsive jcr:primaryType="nt:unstructured">
                        <default
                            jcr:primaryType="nt:unstructured"
                            offset="0"
                            width="3"/>
                        <tablet
                            jcr:primaryType="nt:unstructured"
                            offset="0"
                            width="12"/>
                        <phone
                            jcr:primaryType="nt:unstructured"
                            offset="0"
                            width="12"/>
                    </cq:responsive>
                </button>
            </container>
        </root>
    </jcr:content>
</jcr:root>
