<?xml version="1.0" encoding="UTF-8"?>
<jcr:root xmlns:sling="http://sling.apache.org/jcr/sling/1.0" xmlns:cq="http://www.day.com/jcr/cq/1.0" xmlns:jcr="http://www.jcp.org/jcr/1.0" xmlns:nt="http://www.jcp.org/jcr/nt/1.0"
    jcr:primaryType="cq:Page">
    <jcr:content
        cq:lastModified="{Date}2022-04-05T18:29:54.224+05:30"
        cq:lastModifiedBy="admin"
        cq:tags="[experience-fragments:variation/web]"
        cq:template="/conf/wknd/settings/wcm/templates/xf-web-variation"
        cq:xfMasterVariation="{Boolean}true"
        cq:xfVariantType="web"
        jcr:primaryType="cq:PageContent"
        jcr:title="header2"
        sling:resourceType="wknd/components/xfpage">
        <root
            jcr:primaryType="nt:unstructured"
            sling:resourceType="wknd/components/container"
            layout="responsiveGrid">
            <container
                jcr:created="{Date}2022-04-05T18:25:40.614+05:30"
                jcr:createdBy="admin"
                jcr:lastModified="{Date}2022-04-05T18:26:25.242+05:30"
                jcr:lastModifiedBy="admin"
                jcr:primaryType="nt:unstructured"
                sling:resourceType="wknd/components/container">
                <cq:responsive jcr:primaryType="nt:unstructured">
                    <default
                        jcr:primaryType="nt:unstructured"
                        offset="1"
                        width="2"/>
                </cq:responsive>
                <button
                    jcr:created="{Date}2022-04-05T18:26:11.537+05:30"
                    jcr:createdBy="admin"
                    jcr:lastModified="{Date}2022-04-05T18:26:38.131+05:30"
                    jcr:lastModifiedBy="admin"
                    jcr:primaryType="nt:unstructured"
                    jcr:title="Home"
                    sling:resourceType="wknd/components/button"/>
            </container>
            <container_1704967414
                jcr:created="{Date}2022-04-05T18:26:45.655+05:30"
                jcr:createdBy="admin"
                jcr:lastModified="{Date}2022-04-05T18:26:45.655+05:30"
                jcr:lastModifiedBy="admin"
                jcr:primaryType="nt:unstructured"
                sling:resourceType="wknd/components/container">
                <cq:responsive jcr:primaryType="nt:unstructured">
                    <default
                        jcr:primaryType="nt:unstructured"
                        offset="0"
                        width="2"/>
                </cq:responsive>
                <button
                    jcr:created="{Date}2022-04-05T18:27:16.239+05:30"
                    jcr:createdBy="admin"
                    jcr:lastModified="{Date}2022-04-05T18:27:30.805+05:30"
                    jcr:lastModifiedBy="admin"
                    jcr:primaryType="nt:unstructured"
                    jcr:title="About Us"
                    sling:resourceType="wknd/components/button"/>
            </container_1704967414>
            <container_483055070
                jcr:created="{Date}2022-04-05T18:27:59.236+05:30"
                jcr:createdBy="admin"
                jcr:lastModified="{Date}2022-04-05T18:27:59.236+05:30"
                jcr:lastModifiedBy="admin"
                jcr:primaryType="nt:unstructured"
                sling:resourceType="wknd/components/container">
                <cq:responsive jcr:primaryType="nt:unstructured">
                    <default
                        jcr:primaryType="nt:unstructured"
                        offset="0"
                        width="2"/>
                </cq:responsive>
                <button
                    jcr:created="{Date}2022-04-05T18:28:20.699+05:30"
                    jcr:createdBy="admin"
                    jcr:lastModified="{Date}2022-04-05T18:28:29.545+05:30"
                    jcr:lastModifiedBy="admin"
                    jcr:primaryType="nt:unstructured"
                    jcr:title="Services"
                    sling:resourceType="wknd/components/button"/>
            </container_483055070>
            <container_573243443
                jcr:created="{Date}2022-04-05T18:28:41.523+05:30"
                jcr:createdBy="admin"
                jcr:lastModified="{Date}2022-04-05T18:29:05.067+05:30"
                jcr:lastModifiedBy="admin"
                jcr:primaryType="nt:unstructured"
                sling:resourceType="wknd/components/container">
                <cq:responsive jcr:primaryType="nt:unstructured">
                    <default
                        jcr:primaryType="nt:unstructured"
                        offset="0"
                        width="2"/>
                </cq:responsive>
                <button
                    jcr:created="{Date}2022-04-05T18:28:58.201+05:30"
                    jcr:createdBy="admin"
                    jcr:lastModified="{Date}2022-04-05T18:29:18.411+05:30"
                    jcr:lastModifiedBy="admin"
                    jcr:primaryType="nt:unstructured"
                    jcr:title="SignUp"
                    sling:resourceType="wknd/components/button"/>
            </container_573243443>
            <container_734252720
                jcr:created="{Date}2022-04-05T18:29:27.366+05:30"
                jcr:createdBy="admin"
                jcr:lastModified="{Date}2022-04-05T18:29:27.366+05:30"
                jcr:lastModifiedBy="admin"
                jcr:primaryType="nt:unstructured"
                sling:resourceType="wknd/components/container">
                <cq:responsive jcr:primaryType="nt:unstructured">
                    <default
                        jcr:primaryType="nt:unstructured"
                        offset="0"
                        width="2"/>
                </cq:responsive>
                <button
                    jcr:created="{Date}2022-04-05T18:29:45.920+05:30"
                    jcr:createdBy="admin"
                    jcr:lastModified="{Date}2022-04-05T18:29:54.148+05:30"
                    jcr:lastModifiedBy="admin"
                    jcr:primaryType="nt:unstructured"
                    jcr:title="Login"
                    sling:resourceType="wknd/components/button"/>
            </container_734252720>
        </root>
    </jcr:content>
</jcr:root>
