<?xml version="1.0" encoding="UTF-8"?>
<jcr:root xmlns:sling="http://sling.apache.org/jcr/sling/1.0" xmlns:cq="http://www.day.com/jcr/cq/1.0" xmlns:jcr="http://www.jcp.org/jcr/1.0" xmlns:nt="http://www.jcp.org/jcr/nt/1.0"
    jcr:primaryType="cq:Page">
    <jcr:content
        cq:lastModified="{Date}2022-04-11T16:58:02.661+05:30"
        cq:lastModifiedBy="admin"
        cq:template="/conf/wknd/settings/wcm/templates/carrierstemplate"
        jcr:primaryType="cq:PageContent"
        jcr:title="SignUp"
        sling:resourceType="wknd/components/page">
        <root
            jcr:primaryType="nt:unstructured"
            sling:resourceType="wknd/components/container"
            layout="responsiveGrid">
            <container
                jcr:primaryType="nt:unstructured"
                sling:resourceType="wknd/components/container"
                layout="responsiveGrid"/>
            <container_1244084847
                jcr:created="{Date}2022-04-05T17:20:35.476+05:30"
                jcr:createdBy="admin"
                jcr:lastModified="{Date}2022-04-05T18:18:03.615+05:30"
                jcr:lastModifiedBy="admin"
                jcr:primaryType="nt:unstructured"
                sling:resourceType="wknd/components/container">
                <image
                    jcr:created="{Date}2022-04-05T17:21:12.322+05:30"
                    jcr:createdBy="admin"
                    jcr:lastModified="{Date}2022-04-05T17:21:12.322+05:30"
                    jcr:lastModifiedBy="admin"
                    jcr:primaryType="nt:unstructured"
                    sling:resourceType="wknd/components/image"/>
            </container_1244084847>
            <container_1426700318
                jcr:created="{Date}2022-04-05T17:23:59.138+05:30"
                jcr:createdBy="admin"
                jcr:lastModified="{Date}2022-04-05T18:18:09.252+05:30"
                jcr:lastModifiedBy="admin"
                jcr:primaryType="nt:unstructured"
                sling:resourceType="wknd/components/container">
                <image
                    jcr:created="{Date}2022-04-05T17:24:30.763+05:30"
                    jcr:createdBy="admin"
                    jcr:lastModified="{Date}2022-04-05T17:24:30.763+05:30"
                    jcr:lastModifiedBy="admin"
                    jcr:primaryType="nt:unstructured"
                    sling:resourceType="wknd/components/image"/>
            </container_1426700318>
            <container_834922872
                jcr:created="{Date}2022-04-05T17:24:37.541+05:30"
                jcr:createdBy="admin"
                jcr:lastModified="{Date}2022-04-05T18:19:03.748+05:30"
                jcr:lastModifiedBy="admin"
                jcr:primaryType="nt:unstructured"
                sling:resourceType="wknd/components/container">
                <image
                    jcr:created="{Date}2022-04-05T17:24:44.216+05:30"
                    jcr:createdBy="admin"
                    jcr:lastModified="{Date}2022-04-05T17:24:44.216+05:30"
                    jcr:lastModifiedBy="admin"
                    jcr:primaryType="nt:unstructured"
                    sling:resourceType="wknd/components/image"/>
            </container_834922872>
            <container_1832395069
                jcr:created="{Date}2022-04-05T18:14:41.747+05:30"
                jcr:createdBy="admin"
                jcr:lastModified="{Date}2022-04-05T18:34:43.631+05:30"
                jcr:lastModifiedBy="admin"
                jcr:primaryType="nt:unstructured"
                sling:resourceType="wknd/components/container">
                <experiencefragment
                    jcr:created="{Date}2022-04-05T18:15:11.893+05:30"
                    jcr:createdBy="admin"
                    jcr:lastModified="{Date}2022-04-05T18:15:11.893+05:30"
                    jcr:lastModifiedBy="admin"
                    jcr:primaryType="nt:unstructured"
                    sling:resourceType="wknd/components/experiencefragment"/>
            </container_1832395069>
            <container_631656406
                jcr:created="{Date}2022-04-05T17:27:32.011+05:30"
                jcr:createdBy="admin"
                jcr:lastModified="{Date}2022-04-06T11:38:27.201+05:30"
                jcr:lastModifiedBy="admin"
                jcr:primaryType="nt:unstructured"
                sling:resourceType="wknd/components/container">
                <image
                    jcr:created="{Date}2022-04-05T17:27:40.164+05:30"
                    jcr:createdBy="admin"
                    jcr:lastModified="{Date}2022-04-05T17:27:40.164+05:30"
                    jcr:lastModifiedBy="admin"
                    jcr:primaryType="nt:unstructured"
                    sling:resourceType="wknd/components/image"/>
            </container_631656406>
            <container_1257267683
                jcr:created="{Date}2022-04-11T16:53:37.645+05:30"
                jcr:createdBy="admin"
                jcr:lastModified="{Date}2022-04-11T16:55:43.939+05:30"
                jcr:lastModifiedBy="admin"
                jcr:primaryType="nt:unstructured"
                sling:resourceType="wknd/components/container">
                <title
                    cq:styleIds="[1649676286999]"
                    jcr:created="{Date}2022-04-11T16:53:52.045+05:30"
                    jcr:createdBy="admin"
                    jcr:lastModified="{Date}2022-04-11T16:53:52.045+05:30"
                    jcr:lastModifiedBy="admin"
                    jcr:primaryType="nt:unstructured"
                    sling:resourceType="wknd/components/title"/>
            </container_1257267683>
        </root>
    </jcr:content>
</jcr:root>
